sex,mean_weight,n
F,53.11447053860216,7318
M,53.164463840399,8260
NA,74.03636363636363,1300
